Workbook

Sheet 舞种配比
A1: 大类 | B1: 舞种 | C1: 节奏 | D1: 数量 | E1: 节拍 | F1: BPM范围 | G1: 小节个数 | H1: 风格定位 | I1: 曲目建议
A2: 摩登舞 | B2: 华尔兹 | C2: 慢 | D2: 3 | E2: 3/4 | G2: 28-30小节/分 | H2: 优雅开场/收尾 | I2: 《》《》《》
A3: 摩登舞 | B3: 维也纳华尔兹 | C3: 快 | D3: 2 | E3: 3/4 | G3: 56-60小节/分 | H3: 高速旋转、刺激 | I3: 《》《》《》
A4: 摩登舞 | B4: 探戈 | C4: 中 | D4: 1 | E4: 2/4 | G4: 30-34小节/分 | H4: 顿挫有力 | I4: 《》《》《》
A5: 摩登舞 | B5: 狐步 | C5: 慢 | D5: 1 | E5: 4/4 | G5: 28-30小节/分 | H5: 飘逸流畅 | I5: 《》《》《》
A6: 摩登舞 | B6: 快步 | C6: 快 | D6: 1 | E6: 4/4 | G6: 50-52小节/分 | H6: 轻快跳跃 | I6: 《》《》《》
A7: 拉丁舞 | B7: 伦巴 | C7: 慢 | D7: 4 | E7: 4/4 | G7: 27-29小节/分 | H7: 缠绵抒情 | I7: 《》《》《》
A8: 拉丁舞 | B8: 恰恰 | C8: 快 | D8: 3 | E8: 4/4 | G8: 30-32小节/分 | H8: 欢快俏皮 | I8: 《》《》《》
A9: 拉丁舞 | B9: 桑巴 | C9: 快 | D9: 2 | E9: 2/4 | G9: 52-54小节/分 | H9: 热情弹动 | I9: 《》《》《》
A10: 拉丁舞 | B10: 牛仔 | C10: 快 | D10: 1 | E10: 4/4 | G10: 42-44小节/分 | H10: 活泼跳跃 | I10: 《》《》《》
A11: 拉丁舞 | B11: 斗牛 | C11: 中 | D11: 1 | E11: 2/4 | G11: 60-62小节/分 | H11: 气势磅礴 | I11: 《》《》《》
A12: 地方舞 | B12: 三步踩 | C12: 中 | D12: 2 | E12: 2/4 | F12: 88-96 | G12: 44-48小节/分 | H12: 动作潇洒、花样繁多 | I12: 《山谷里的思念》《酒醉的蝴蝶》《又见山里红》
A13: 地方舞 | B13: 平四 | C13: 中 | D13: 2 | E13: 2/4 | F13: 88-96 | G13: 44-48小节/分 | H13: 欢快、活泼、流畅 | I13: 《又见山里红》《动起来舞起来》《爱在身上留下了伤》
A14: 交谊舞 | B14: 慢三 | C14: 慢 | D14: 3 | E14: 3/4 | F14: 84-105 | G14: 28-35小节/分 | H14: 高贵典雅、舒展流畅 | I14: 《友谊天长地久》《山楂树》《情醉桃花源》
A15: 交谊舞 | B15: 慢四 | C15: 慢 | D15: 3 | E15: 4/4 | F15: 104-124 | G15: 26-31小节/分 | H15: 端庄平稳、舒展优雅 | I15: 《陪你一起看草原》《爱是你我》《又见山里红》
A16: 交谊舞 | B16: 并四 | C16: 中 | D16: 1 | E16: 2/4 | F16: 84-92 | G16: 42-46小节/分 | H16: 轻盈、优雅、流畅 | I16: 《卓玛拉》《久别的人》《为你等待》
A17: 交谊舞 | B17: 水兵舞 | C17: 中 | D17: 1 | E17: 4/4 | F17: 136-152 | G17: 34-38小节/分 | H17: 轻松活泼，富有朝气 | I17: 《陪你牵手闯天涯》《美极了》《歌在飞》
A18: 交谊舞 | B18: 鬼步舞 | C18: 快 | D18: 1 | E18: 4/4 | F18: 130-150 | G18: 32-38小节/分 | H18: 快速、有力、充满活力 | I18: 《Horizon》《I Can Walk On Water》《Battle 2 The End》
A19: 交谊舞 | B19: 吉特巴 | C19: 中 | D19: 1 | E19: 4/4 | F19: 172-180 | G19: 43-45小节/分 | H19: 轻松活泼，幽默俏皮 | I19: 《可能》《家乡的月亮》《火火的草原火火的爱》
A20: 交谊舞 | B20: 点帕斯 | C20: 中 | D20: 1 | E20: 4/4 | F20: 110-130 | G20: 28-32小节/分 | H20: 热情奔放、开放、洒脱 | I20: 《血染的风采》《罗刹海市》《青城山下白素贞》
A21: 交谊舞 | B21: 休闲伦巴 | C21: 慢 | D21: 1 | E21: 4/4 | F21: 88-104 | G21: 22-26小节/分 | H21: 浪漫缠绵 | I21: 《Fairy Tale》《I Finally Found Someone》《Blue Night》
A22: 交谊舞 | B22: 中三 | C22: 中 | D22: 1 | E22: 3/4 | I22: 《》《》《》
A23: 交谊舞 | B23: 中四 | C23: 中 | D23: 1 | E23: 4/4 | I23: 《》《》《》
A24: 交谊舞 | B24: 快四 | C24: 快 | D24: 1 | E24: 4/4 | I24: 《》《》《》
A25: 集体舞 | B25: 兔子舞 | C25: 中 | D25: 1 | E25: 4/4 | F25: 140-160 | G25: 35-40小节/分 | H25: 欢快、活泼、趣味性强 | I25: 《Penguin's Game》《Butterfly》《兔子爱吃萝卜》
A26: 集体舞 | B26: 十六步 | C26: 中 | D26: 1 | I26: 《》《》《》
A27: 集体舞 | B27: 三十二步 | C27: 中 | D27: 1 | E27: 4/4 | F27: 110-140 | G27: 58-81小节/分 | H27: 规整套路和迪斯科式的身体律动 | I27: 《Brother Louie》《独一无二》《坐上火车去拉萨》
A28: 集体舞 | B28: DJ | C28: 中 | D28: 1 | H28: 节奏强劲、动感十足 | I28: 《Brother Louie》《The Middle》《狂浪》
A29: 网红舞 | B29: 汉舞 | C29: 慢 | D29: 1 | E29: 4/4 | F29: 88-104 | G29: 22-26小节/分 | H29: 舞姿柔媚、浪漫迷人 | I29: 《见与不见》《情醉黄鹤楼》《》
A30: 网红舞 | B30: 唐舞 | C30: 慢 | D30: 1 | E30: 4/4 | I30: 《》《》《》
A31: 网红舞 | B31: 周舞 | C31: 慢 | D31: 1 | E31: 4/4
A32: 表演 | D32: 0 | F32: — | H32: 培训师示范或嘉宾表演

Sheet 条件记录
A1: 生成时间 | B1: 尝试次数 | C1: 结果列名 | D1: 固定位置 | E1: 舞种间隔 | F1: 应用规则 | G1: 功能配置
A2: 08月13日15时19分 | B2: 7300 | C2: A | D2: 1=慢四，20=DJ，45=华尔兹 | E2: 间隔3首 | F2: 同舞种间隔、大类不连续三次、节奏约束 | G2: A:标题 + 艺术家 + 专辑；B:320k CBR 并发2；C:淡入0.1s 淡出5.0s；D:时长8s 音量0.2 位置middle
A3: 08月15日00时54分 | B3: 63 | C3: B | D3: 无固定位置 | E3: 间隔6首 | F3: 同舞种间隔

Sheet 排布结果
A1: 慢四 | B1: 慢三
A2: 兔子舞 | B2: 伦巴
A3: 周舞 | B3: DJ
A4: 伦巴 | B4: 狐步
A5: 中三 | B5: 并四
A6: 恰恰 | B6: 水兵舞
A7: 华尔兹 | B7: 中三
A8: 慢三 | B8: 快四
A9: 中四 | B9: 桑巴
A10: 唐舞 | B10: 维也纳华尔兹
A11: 伦巴 | B11: 华尔兹
A12: 维也纳华尔兹 | B12: 平四
... A45: 华尔兹 | B45: 恰恰

Sheet 排列检查
A1: 序号 | B1: 大类 | C1: 舞种 | D1: 节奏 | E1: 大类相邻 | F1: 舞种间隔 | G1: 节奏检查 | H1: 前次行号 | I1: 前次间隔 | K1: 统计项 | L1: 值 | N1: 区间统计 | O1: 摩登舞 | P1: 拉丁舞 | Q1: 地方舞 | R1: 交谊舞 | S1: 集体舞 | T1: 网红舞
A2: =ROW()-1 -> 1 | B2: =_xlfn.XLOOKUP($C2,舞种配比!$B$2:$B$91,舞种配比!$A$2:$A$91,"") -> 表演 | D2: =_xlfn.XLOOKUP($C2,舞种配比!$B$2:$B$91,舞种配比!$C$2:$C$91,"") -> 0 | E2: =IF(ROW()<4, "OK", IF(AND(B3=B2, B2=B1), "〿相邻3次", "OK")) -> OK | F2: {=IF(COUNTIF(C$2:C2,C2)>1, ROW()-MAX(IF(C$1:C1=C2,ROW(C$1:C1)))-1, "首次")} -> 首次 | G2: =IF(ROW()>2, IF(D2=D1, "⚠️同节奏", "OK"), "OK") -> OK | H2: =IF(F2="首次","",IF(F2<5,"⚠️间隔"&F2&"首","间隔"&F2&"首✓")) | K2: 总数量 | L2: {=SUMPRODUCT(--(LEN(TRIM(C2:C96))>0))} -> 0 | N2: 1-15 | O2: =COUNTIFS($B$2:$B$16,"摩登舞") -> 0 | P2: =COUNTIFS($B$2:$B$16,"拉丁舞") -> 0 | Q2: =COUNTIFS($B$2:$B$16,"地方舞") -> 0 | R2: =COUNTIFS($B$2:$B$16,"交谊舞") -> 0 | S2: =COUNTIFS($B$2:$B$16,"集体舞") -> 0 | T2: =COUNTIFS($B$2:$B$16,"网红舞") -> 0
A3: =ROW()-1 -> 2 | B3: =_xlfn.XLOOKUP($C3,舞种配比!$B$2:$B$91,舞种配比!$A$2:$A$91,"") -> 表演 | D3: =_xlfn.XLOOKUP($C3,舞种配比!$B$2:$B$91,舞种配比!$C$2:$C$91,"") -> 0 | E3: =IF(ROW()<4, "OK", IF(AND(B4=B3, B3=B2), "〿相邻3次", "OK")) -> OK | F3: {=IF(COUNTIF(C$2:C3,C3)>1, ROW()-MAX(IF(C$1:C2=C3,ROW(C$1:C2)))-1, "首次")} -> 首次 | G3: =IF(ROW()>2, IF(D3=D2, "⚠️同节奏", "OK"), "OK") -> ⚠️同节奏 | H3: =IF(F3="首次","",IF(F3<5,"⚠️间隔"&F3&"首","间隔"&F3&"首✓")) | N3: 16-30 | O3: =COUNTIFS($B$17:$B$31,"摩登舞") -> 0 | P3: =COUNTIFS($B$17:$B$31,"拉丁舞") -> 0 | Q3: =COUNTIFS($B$17:$B$31,"地方舞") -> 0 | R3: =COUNTIFS($B$17:$B$31,"交谊舞") -> 0 | S3: =COUNTIFS($B$17:$B$31,"集体舞") -> 0 | T3: =COUNTIFS($B$17:$B$31,"网红舞") -> 0
A4: =ROW()-1 -> 3 | B4: =_xlfn.XLOOKUP($C4,舞种配比!$B$2:$B$91,舞种配比!$A$2:$A$91,"") -> 表演 | D4: =_xlfn.XLOOKUP($C4,舞种配比!$B$2:$B$91,舞种配比!$C$2:$C$91,"") -> 0 | E4: =IF(ROW()<4, "OK", IF(AND(B5=B4, B4=B3), "〿相邻3次", "OK")) -> 〿相邻3次 | F4: {=IF(COUNTIF(C$2:C4,C4)>1, ROW()-MAX(IF(C$1:C3=C4,ROW(C$1:C3)))-1, "首次")} -> 首次 | G4: =IF(ROW()>2, IF(D4=D3, "⚠️同节奏", "OK"), "OK") -> ⚠️同节奏 | H4: =IF(F4="首次","",IF(F4<5,"⚠️间隔"&F4&"首","间隔"&F4&"首✓")) | K4: 慢舞 | L4: =COUNTIF($D:$D,"慢") -> 0 | N4: 31-50 | O4: =COUNTIFS($B$32:$B$51,"摩登舞") -> 0 | P4: =COUNTIFS($B$32:$B$51,"拉丁舞") -> 0 | Q4: =COUNTIFS($B$32:$B$51,"地方舞") -> 0 | R4: =COUNTIFS($B$32:$B$51,"交谊舞") -> 0 | S4: =COUNTIFS($B$32:$B$51,"集体舞") -> 0 | T4: =COUNTIFS($B$32:$B$51,"网红舞") -> 0
A5: =ROW()-1 -> 4 | B5: =_xlfn.XLOOKUP($C5,舞种配比!$B$2:$B$91,舞种配比!$A$2:$A$91,"") -> 表演 | D5: =_xlfn.XLOOKUP($C5,舞种配比!$B$2:$B$91,舞种配比!$C$2:$C$91,"") -> 0 | E5: =IF(ROW()<4, "OK", IF(AND(B6=B5, B5=B4), "〿相邻3次", "OK")) -> 〿相邻3次 | F5: {=IF(COUNTIF(C$2:C5,C5)>1, ROW()-MAX(IF(C$1:C4=C5,ROW(C$1:C4)))-1, "首次")} -> 首次 | G5: =IF(ROW()>2, IF(D5=D4, "⚠️同节奏", "OK"), "OK") -> ⚠️同节奏 | H5: =IF(F5="首次","",IF(F5<5,"⚠️间隔"&F5&"首","间隔"&F5&"首✓")) | K5: 中速 | L5: =COUNTIF($D:$D,"中") -> 0
A6: =ROW()-1 -> 5 | B6: =_xlfn.XLOOKUP($C6,舞种配比!$B$2:$B$91,舞种配比!$A$2:$A$91,"") -> 表演 | D6: =_xlfn.XLOOKUP($C6,舞种配比!$B$2:$B$91,舞种配比!$C$2:$C$91,"") -> 0 | E6: =IF(ROW()<4, "OK", IF(AND(B7=B6, B6=B5), "〿相邻3次", "OK")) -> 〿相邻3次 | F6: {=IF(COUNTIF(C$2:C6,C6)>1, ROW()-MAX(IF(C$1:C5=C6,ROW(C$1:C5)))-1, "首次")} -> 首次 | G6: =IF(ROW()>2, IF(D6=D5, "⚠️同节奏", "OK"), "OK") -> ⚠️同节奏 | H6: =IF(F6="首次","",IF(F6<5,"⚠️间隔"&F6&"首","间隔"&F6&"首✓")) | K6: 快舞 | L6: =COUNTIF($D:$D,"快") -> 0
A7: =ROW()-1 -> 6 | B7: =_xlfn.XLOOKUP($C7,舞种配比!$B$2:$B$91,舞种配比!$A$2:$A$91,"") -> 表演 | D7: =_xlfn.XLOOKUP($C7,舞种配比!$B$2:$B$91,舞种配比!$C$2:$C$91,"") -> 0 | E7: =IF(ROW()<4, "OK", IF(AND(B8=B7, B7=B6), "〿相邻3次", "OK")) -> 〿相邻3次 | F7: {=IF(COUNTIF(C$2:C7,C7)>1, ROW()-MAX(IF(C$1:C6=C7,ROW(C$1:C6)))-1, "首次")} -> 首次 | G7: =IF(ROW()>2, IF(D7=D6, "⚠️同节奏", "OK"), "OK") -> ⚠️同节奏 | H7: =IF(F7="首次","",IF(F7<5,"⚠️间隔"&F7&"首","间隔"&F7&"首✓"))
A8: =ROW()-1 -> 7 | B8: =_xlfn.XLOOKUP($C8,舞种配比!$B$2:$B$91,舞种配比!$A$2:$A$91,"") -> 表演 | D8: =_xlfn.XLOOKUP($C8,舞种配比!$B$2:$B$91,舞种配比!$C$2:$C$91,"") -> 0 | E8: =IF(ROW()<4, "OK", IF(AND(B9=B8, B8=B7), "〿相邻3次", "OK")) -> 〿相邻3次 | F8: {=IF(COUNTIF(C$2:C8,C8)>1, ROW()-MAX(IF(C$1:C7=C8,ROW(C$1:C7)))-1, "首次")} -> 首次 | G8: =IF(ROW()>2, IF(D8=D7, "⚠️同节奏", "OK"), "OK") -> ⚠️同节奏 | H8: =IF(F8="首次","",IF(F8<5,"⚠️间隔"&F8&"首","间隔"&F8&"首✓")) | K8: 相邻错误 | L8: =COUNTIF($E:$E,"〿*") -> 48 | N8: 大类统计 | O8: =COUNTIFS($B$2:$B$52,O$1) -> 0 | P8: =COUNTIFS($B$2:$B$52,P$1) -> 0 | Q8: =COUNTIFS($B$2:$B$52,Q$1) -> 0 | R8: =COUNTIFS($B$2:$B$52,R$1) -> 0 | S8: =COUNTIFS($B$2:$B$52,S$1) -> 0 | T8: =COUNTIFS($B$2:$B$52,T$1) -> 0
A9: =ROW()-1 -> 8 | B9: =_xlfn.XLOOKUP($C9,舞种配比!$B$2:$B$91,舞种配比!$A$2:$A$91,"") -> 表演 | D9: =_xlfn.XLOOKUP($C9,舞种配比!$B$2:$B$91,舞种配比!$C$2:$C$91,"") -> 0 | E9: =IF(ROW()<4, "OK", IF(AND(B10=B9, B9=B8), "〿相邻3次", "OK")) -> 〿相邻3次 | F9: {=IF(COUNTIF(C$2:C9,C9)>1, ROW()-MAX(IF(C$1:C8=C9,ROW(C$1:C8)))-1, "首次")} -> 首次 | G9: =IF(ROW()>2, IF(D9=D8, "⚠️同节奏", "OK"), "OK") -> ⚠️同节奏 | H9: =IF(F9="首次","",IF(F9<5,"⚠️间隔"&F9&"首","间隔"&F9&"首✓")) | K9: 间隔错误 | L9: =COUNTIF($H:$H,"⚠️*") -> 0
A10: =ROW()-1 -> 9 | B10: =_xlfn.XLOOKUP($C10,舞种配比!$B$2:$B$91,舞种配比!$A$2:$A$91,"") -> 表演 | D10: =_xlfn.XLOOKUP($C10,舞种配比!$B$2:$B$91,舞种配比!$C$2:$C$91,"") -> 0 | E10: =IF(ROW()<4, "OK", IF(AND(B11=B10, B10=B9), "〿相邻3次", "OK")) -> 〿相邻3次 | F10: {=IF(COUNTIF(C$2:C10,C10)>1, ROW()-MAX(IF(C$1:C9=C10,ROW(C$1:C9)))-1, "首次")} -> 首次 | G10: =IF(ROW()>2, IF(D10=D9, "⚠️同节奏", "OK"), "OK") -> ⚠️同节奏 | H10: =IF(F10="首次","",IF(F10<5,"⚠️间隔"&F10&"首","间隔"&F10&"首✓")) | K10: 节奏错误 | L10: =COUNTIF($G:$G,"⚠️*") -> 50
A11: =ROW()-1 -> 10 | B11: =_xlfn.XLOOKUP($C11,舞种配比!$B$2:$B$91,舞种配比!$A$2:$A$91,"") -> 表演 | D11: =_xlfn.XLOOKUP($C11,舞种配比!$B$2:$B$91,舞种配比!$C$2:$C$91,"") -> 0 | E11: =IF(ROW()<4, "OK", IF(AND(B12=B11, B11=B10), "〿相邻3次", "OK")) -> 〿相邻3次 | F11: {=IF(COUNTIF(C$2:C11,C11)>1, ROW()-MAX(IF(C$1:C10=C11,ROW(C$1:C10)))-1, "首次")} -> 首次 | G11: =IF(ROW()>2, IF(D11=D10, "⚠️同节奏", "OK"), "OK") -> ⚠️同节奏 | H11: =IF(F11="首次","",IF(F11<5,"⚠️间隔"&F11&"首","间隔"&F11&"首✓"))
A12: =ROW()-1 -> 11 | B12: =_xlfn.XLOOKUP($C12,舞种配比!$B$2:$B$91,舞种配比!$A$2:$A$91,"") -> 表演 | D12: =_xlfn.XLOOKUP($C12,舞种配比!$B$2:$B$91,舞种配比!$C$2:$C$91,"") -> 0 | E12: =IF(ROW()<4, "OK", IF(AND(B13=B12, B12=B11), "〿相邻3次", "OK")) -> 〿相邻3次 | F12: {=IF(COUNTIF(C$2:C12,C12)>1, ROW()-MAX(IF(C$1:C11=C12,ROW(C$1:C11)))-1, "首次")} -> 首次 | G12: =IF(ROW()>2, IF(D12=D11, "⚠️同节奏", "OK"), "OK") -> ⚠️同节奏 | H12: =IF(F12="首次","",IF(F12<5,"⚠️间隔"&F12&"首","间隔"&F12&"首✓"))
A13: =ROW()-1 -> 12 | B13: =_xlfn.XLOOKUP($C13,舞种配比!$B$2:$B$91,舞种配比!$A$2:$A$91,"") -> 表演 | D13: =_xlfn.XLOOKUP($C13,舞种配比!$B$2:$B$91,舞种配比!$C$2:$C$91,"") -> 0 | E13: =IF(ROW()<4, "OK", IF(AND(B14=B13, B13=B12), "〿相邻3次", "OK")) -> 〿相邻3次 | F13: {=IF(COUNTIF(C$2:C13,C13)>1, ROW()-MAX(IF(C$1:C12=C13,ROW(C$1:C12)))-1, "首次")} -> 首次 | G13: =IF(ROW()>2, IF(D13=D12, "⚠️同节奏", "OK"), "OK") -> ⚠️同节奏 | H13: =IF(F13="首次","",IF(F13<5,"⚠️间隔"&F13&"首","间隔"&F13&"首✓"))
A14: =ROW()-1 -> 13 | B14: =_xlfn.XLOOKUP($C14,舞种配比!$B$2:$B$91,舞种配比!$A$2:$A$91,"") -> 表演 | D14: =_xlfn.XLOOKUP($C14,舞种配比!$B$2:$B$91,舞种配比!$C$2:$C$91,"") -> 0 | E14: =IF(ROW()<4, "OK", IF(AND(B15=B14, B14=B13), "〿相邻3次", "OK")) -> 〿相邻3次 | F14: {=IF(COUNTIF(C$2:C14,C14)>1, ROW()-MAX(IF(C$1:C13=C14,ROW(C$1:C13)))-1, "首次")} -> 首次 | G14: =IF(ROW()>2, IF(D14=D13, "⚠️同节奏", "OK"), "OK") -> ⚠️同节奏 | H14: =IF(F14="首次","",IF(F14<5,"⚠️间隔"&F14&"首","间隔"&F14&"首✓")) | K14: 排布逻辑
A15: =ROW()-1 -> 14 | B15: =_xlfn.XLOOKUP($C15,舞种配比!$B$2:$B$91,舞种配比!$A$2:$A$91,"") -> 表演 | D15: =_xlfn.XLOOKUP($C15,舞种配比!$B$2:$B$91,舞种配比!$C$2:$C$91,"") -> 0 | E15: =IF(ROW()<4, "OK", IF(AND(B16=B15, B15=B14), "〿相邻3次", "OK")) -> 〿相邻3次 | F15: {=IF(COUNTIF(C$2:C15,C15)>1, ROW()-MAX(IF(C$1:C14=C15,ROW(C$1:C14)))-1, "首次")} -> 首次 | G15: =IF(ROW()>2, IF(D15=D14, "⚠️同节奏", "OK"), "OK") -> ⚠️同节奏 | H15: =IF(F15="首次","",IF(F15<5,"⚠️间隔"&F15&"首","间隔"&F15&"首✓")) | K15: 0.每首平均按三分钟计算，两个半小时限排50首。
A16: =ROW()-1 -> 15 | B16: =_xlfn.XLOOKUP($C16,舞种配比!$B$2:$B$91,舞种配比!$A$2:$A$91,"") -> 表演 | D16: =_xlfn.XLOOKUP($C16,舞种配比!$B$2:$B$91,舞种配比!$C$2:$C$91,"") -> 0 | E16: =IF(ROW()<4, "OK", IF(AND(B17=B16, B16=B15), "〿相邻3次", "OK")) -> 〿相邻3次 | F16: {=IF(COUNTIF(C$2:C16,C16)>1, ROW()-MAX(IF(C$1:C15=C16,ROW(C$1:C15)))-1, "首次")} -> 首次 | G16: =IF(ROW()>2, IF(D16=D15, "⚠️同节奏", "OK"), "OK") -> ⚠️同节奏 | H16: =IF(F16="首次","",IF(F16<5,"⚠️间隔"&F16&"首","间隔"&F16&"首✓")) | K16: 1. 首尾均为华尔兹。
A17: =ROW()-1 -> 16 | B17: =_xlfn.XLOOKUP($C17,舞种配比!$B$2:$B$91,舞种配比!$A$2:$A$91,"") -> 表演 | D17: =_xlfn.XLOOKUP($C17,舞种配比!$B$2:$B$91,舞种配比!$C$2:$C$91,"") -> 0 | E17: =IF(ROW()<4, "OK", IF(AND(B18=B17, B17=B16), "〿相邻3次", "OK")) -> 〿相邻3次 | F17: {=IF(COUNTIF(C$2:C17,C17)>1, ROW()-MAX(IF(C$1:C16=C17,ROW(C$1:C16)))-1, "首次")} -> 首次 | G17: =IF(ROW()>2, IF(D17=D16, "⚠️同节奏", "OK"), "OK") -> ⚠️同节奏 | H17: =IF(F17="首次","",IF(F17<5,"⚠️间隔"&F17&"首","间隔"&F17&"首✓")) | K17: 第一首和最后一首必须为摩登舞-华尔兹（慢）。
A18: =ROW()-1 -> 17 | B18: =_xlfn.XLOOKUP($C18,舞种配比!$B$2:$B$91,舞种配比!$A$2:$A$91,"") -> 表演 | D18: =_xlfn.XLOOKUP($C18,舞种配比!$B$2:$B$91,舞种配比!$C$2:$C$91,"") -> 0 | E18: =IF(ROW()<4, "OK", IF(AND(B19=B18, B18=B17), "〿相邻3次", "OK")) -> 〿相邻3次 | F18: {=IF(COUNTIF(C$2:C18,C18)>1, ROW()-MAX(IF(C$1:C17=C18,ROW(C$1:C17)))-1, "首次")} -> 首次 | G18: =IF(ROW()>2, IF(D18=D17, "⚠️同节奏", "OK"), "OK") -> ⚠️同节奏 | H18: =IF(F18="首次","",IF(F18<5,"⚠️间隔"&F18&"首","间隔"&F18&"首✓")) | K18: 2. 集体舞放在中段，且互相间隔足够。
A19: =ROW()-1 -> 18 | B19: =_xlfn.XLOOKUP($C19,舞种配比!$B$2:$B$91,舞种配比!$A$2:$A$91,"") -> 表演 | D19: =_xlfn.XLOOKUP($C19,舞种配比!$B$2:$B$91,舞种配比!$C$2:$C$91,"") -> 0 | E19: =IF(ROW()<4, "OK", IF(AND(B20=B19, B19=B18), "〿相邻3次", "OK")) -> 〿相邻3次 | F19: {=IF(COUNTIF(C$2:C19,C19)>1, ROW()-MAX(IF(C$1:C18=C19,ROW(C$1:C18)))-1, "首次")} -> 首次 | G19: =IF(ROW()>2, IF(D19=D18, "⚠️同节奏", "OK"), "OK") -> ⚠️同节奏 | H19: =IF(F19="首次","",IF(F19<5,"⚠️间隔"&F19&"首","间隔"&F19&"首✓")) | K19: 集体舞（三十二步、DJ）全部放在位置约16–30之间；两个集体舞之间至少隔开3首（位置差 ≥ 4）。
A20: =ROW()-1 -> 19 | B20: =_xlfn.XLOOKUP($C20,舞种配比!$B$2:$B$91,舞种配比!$A$2:$A$91,"") -> 表演 | D20: =_xlfn.XLOOKUP($C20,舞种配比!$B$2:$B$91,舞种配比!$C$2:$C$91,"") -> 0 | E20: =IF(ROW()<4, "OK", IF(AND(B21=B20, B20=B19), "〿相邻3次", "OK")) -> 〿相邻3次 | F20: {=IF(COUNTIF(C$2:C20,C20)>1, ROW()-MAX(IF(C$1:C19=C20,ROW(C$1:C19)))-1, "首次")} -> 首次 | G20: =IF(ROW()>2, IF(D20=D19, "⚠️同节奏", "OK"), "OK") -> ⚠️同节奏 | H20: =IF(F20="首次","",IF(F20<5,"⚠️间隔"&F20&"首","间隔"&F20&"首✓")) | K20: 3. 数量多的舞种优先分散，单首舞种最后均匀插入。
A21: =ROW()-1 -> 20 | B21: =_xlfn.XLOOKUP($C21,舞种配比!$B$2:$B$91,舞种配比!$A$2:$A$91,"") -> 表演 | D21: =_xlfn.XLOOKUP($C21,舞种配比!$B$2:$B$91,舞种配比!$C$2:$C$91,"") -> 0 | E21: =IF(ROW()<4, "OK", IF(AND(B22=B21, B21=B20), "〿相邻3次", "OK")) -> 〿相邻3次 | F21: {=IF(COUNTIF(C$2:C21,C21)>1, ROW()-MAX(IF(C$1:C20=C21,ROW(C$1:C20)))-1, "首次")} -> 首次 | G21: =IF(ROW()>2, IF(D21=D20, "⚠️同节奏", "OK"), "OK") -> ⚠️同节奏 | H21: =IF(F21="首次","",IF(F21<5,"⚠️间隔"&F21&"首","间隔"&F21&"首✓")) | K21: 除集体舞外，数量多的舞种（如华尔兹、伦巴、慢四等）优先均匀分散在整单中；数量为1的舞种（如探戈）最后插入到剩余空位中，尽量均匀。
A22: =ROW()-1 -> 21 | B22: =_xlfn.XLOOKUP($C22,舞种配比!$B$2:$B$91,舞种配比!$A$2:$A$91,"") -> 表演 | D22: =_xlfn.XLOOKUP($C22,舞种配比!$B$2:$B$91,舞种配比!$C$2:$C$91,"") -> 0 | E22: =IF(ROW()<4, "OK", IF(AND(B23=B22, B22=B21), "〿相邻3次", "OK")) -> 〿相邻3次 | F22: {=IF(COUNTIF(C$2:C22,C22)>1, ROW()-MAX(IF(C$1:C21=C22,ROW(C$1:C21)))-1, "首次")} -> 首次 | G22: =IF(ROW()>2, IF(D22=D21, "⚠️同节奏", "OK"), "OK") -> ⚠️同节奏 | H22: =IF(F22="首次","",IF(F22<5,"⚠️间隔"&F22&"首","间隔"&F22&"首✓")) | K22: 4. 大类不连续三次。
A23: =ROW()-1 -> 22 | B23: =_xlfn.XLOOKUP($C23,舞种配比!$B$2:$B$91,舞种配比!$A$2:$A$91,"") -> 表演 | D23: =_xlfn.XLOOKUP($C23,舞种配比!$B$2:$B$91,舞种配比!$C$2:$C$91,"") -> 0 | E23: =IF(ROW()<4, "OK", IF(AND(B24=B23, B23=B22), "〿相邻3次", "OK")) -> 〿相邻3次 | F23: {=IF(COUNTIF(C$2:C23,C23)>1, ROW()-MAX(IF(C$1:C22=C23,ROW(C$1:C22)))-1, "首次")} -> 首次 | G23: =IF(ROW()>2, IF(D23=D22, "⚠️同节奏", "OK"), "OK") -> ⚠️同节奏 | H23: =IF(F23="首次","",IF(F23<5,"⚠️间隔"&F23&"首","间隔"&F23&"首✓")) | K23: 任意连续3首的“大类”不能完全相同（即不能出现连续3首摩登舞、或连续3首拉丁舞等）。
A24: =ROW()-1 -> 23 | B24: =_xlfn.XLOOKUP($C24,舞种配比!$B$2:$B$91,舞种配比!$A$2:$A$91,"") -> 表演 | D24: =_xlfn.XLOOKUP($C24,舞种配比!$B$2:$B$91,舞种配比!$C$2:$C$91,"") -> 0 | E24: =IF(ROW()<4, "OK", IF(AND(B25=B24, B24=B23), "〿相邻3次", "OK")) -> 〿相邻3次 | F24: {=IF(COUNTIF(C$2:C24,C24)>1, ROW()-MAX(IF(C$1:C23=C24,ROW(C$1:C23)))-1, "首次")} -> 首次 | G24: =IF(ROW()>2, IF(D24=D23, "⚠️同节奏", "OK"), "OK") -> ⚠️同节奏 | H24: =IF(F24="首次","",IF(F24<5,"⚠️间隔"&F24&"首","间隔"&F24&"首✓")) | K24: 5. 同舞种间隔 ≥ 6 个位置（即至少隔开5首）。
A25: =ROW()-1 -> 24 | B25: =_xlfn.XLOOKUP($C25,舞种配比!$B$2:$B$91,舞种配比!$A$2:$A$91,"") -> 表演 | D25: =_xlfn.XLOOKUP($C25,舞种配比!$B$2:$B$91,舞种配比!$C$2:$C$91,"") -> 0 | E25: =IF(ROW()<4, "OK", IF(AND(B26=B25, B25=B24), "〿相邻3次", "OK")) -> 〿相邻3次 | F25: {=IF(COUNTIF(C$2:C25,C25)>1, ROW()-MAX(IF(C$1:C24=C25,ROW(C$1:C24)))-1, "首次")} -> 首次 | G25: =IF(ROW()>2, IF(D25=D24, "⚠️同节奏", "OK"), "OK") -> ⚠️同节奏 | H25: =IF(F25="首次","",IF(F25<5,"⚠️间隔"&F25&"首","间隔"&F25&"首✓")) | K25: 同一个舞种（如华尔兹）任意两次出现的位置差必须 ≥ 6。
... A35: =ROW()-1 -> 34 | B35: =_xlfn.XLOOKUP($C35,舞种配比!$B$2:$B$91,舞种配比!$A$2:$A$91,"") -> 表演 | D35: =_xlfn.XLOOKUP($C35,舞种配比!$B$2:$B$91,舞种配比!$C$2:$C$91,"") -> 0 | E35: =IF(ROW()<4, "OK", IF(AND(B36=B35, B35=B34), "〿相邻3次", "OK")) -> 〿相邻3次 | F35: {=IF(COUNTIF(C$2:C35,C35)>1, ROW()-MAX(IF(C$1:C34=C35,ROW(C$1:C34)))-1, "首次")} -> 首次 | G35: =IF(ROW()>2, IF(D35=D34, "⚠️同节奏", "OK"), "OK") -> ⚠️同节奏 | H35: =IF(F35="首次","",IF(F35<5,"⚠️间隔"&F35&"首","间隔"&F35&"首✓")) | K35: 整单舞种顺序没有可识别的固定周期或规律性，给人随机、自然的感觉。
A36: =ROW()-1 -> 35 | B36: =_xlfn.XLOOKUP($C36,舞种配比!$B$2:$B$91,舞种配比!$A$2:$A$91,"") -> 表演 | D36: =_xlfn.XLOOKUP($C36,舞种配比!$B$2:$B$91,舞种配比!$C$2:$C$91,"") -> 0 | E36: =IF(ROW()<4, "OK", IF(AND(B37=B36, B36=B35), "〿相邻3次", "OK")) -> 〿相邻3次 | F36: {=IF(COUNTIF(C$2:C36,C36)>1, ROW()-MAX(IF(C$1:C35=C36,ROW(C$1:C35)))-1, "首次")} -> 首次 | G36: =IF(ROW()>2, IF(D36=D35, "⚠️同节奏", "OK"), "OK") -> ⚠️同节奏 | H36: =IF(F36="首次","",IF(F36<5,"⚠️间隔"&F36&"首","间隔"&F36&"首✓"))
A37: =ROW()-1 -> 36 | B37: =_xlfn.XLOOKUP($C37,舞种配比!$B$2:$B$91,舞种配比!$A$2:$A$91,"") -> 表演 | D37: =_xlfn.XLOOKUP($C37,舞种配比!$B$2:$B$91,舞种配比!$C$2:$C$91,"") -> 0 | E37: =IF(ROW()<4, "OK", IF(AND(B38=B37, B37=B36), "〿相邻3次", "OK")) -> 〿相邻3次 | F37: {=IF(COUNTIF(C$2:C37,C37)>1, ROW()-MAX(IF(C$1:C36=C37,ROW(C$1:C36)))-1, "首次")} -> 首次 | G37: =IF(ROW()>2, IF(D37=D36, "⚠️同节奏", "OK"), "OK") -> ⚠️同节奏 | H37: =IF(F37="首次","",IF(F37<5,"⚠️间隔"&F37&"首","间隔"&F37&"首✓"))
A38: =ROW()-1 -> 37 | B38: =_xlfn.XLOOKUP($C38,舞种配比!$B$2:$B$91,舞种配比!$A$2:$A$91,"") -> 表演 | D38: =_xlfn.XLOOKUP($C38,舞种配比!$B$2:$B$91,舞种配比!$C$2:$C$91,"") -> 0 | E38: =IF(ROW()<4, "OK", IF(AND(B39=B38, B38=B37), "〿相邻3次", "OK")) -> 〿相邻3次 | F38: {=IF(COUNTIF(C$2:C38,C38)>1, ROW()-MAX(IF(C$1:C37=C38,ROW(C$1:C37)))-1, "首次")} -> 首次 | G38: =IF(ROW()>2, IF(D38=D37, "⚠️同节奏", "OK"), "OK") -> ⚠️同节奏 | H38: =IF(F38="首次","",IF(F38<5,"⚠️间隔"&F38&"首","间隔"&F38&"首✓"))
A39: =ROW()-1 -> 38 | B39: =_xlfn.XLOOKUP($C39,舞种配比!$B$2:$B$91,舞种配比!$A$2:$A$91,"") -> 表演 | D39: =_xlfn.XLOOKUP($C39,舞种配比!$B$2:$B$91,舞种配比!$C$2:$C$91,"") -> 0 | E39: =IF(ROW()<4, "OK", IF(AND(B40=B39, B39=B38), "〿相邻3次", "OK")) -> 〿相邻3次 | F39: {=IF(COUNTIF(C$2:C39,C39)>1, ROW()-MAX(IF(C$1:C38=C39,ROW(C$1:C38)))-1, "首次")} -> 首次 | G39: =IF(ROW()>2, IF(D39=D38, "⚠️同节奏", "OK"), "OK") -> ⚠️同节奏 | H39: =IF(F39="首次","",IF(F39<5,"⚠️间隔"&F39&"首","间隔"&F39&"首✓"))
A40: =ROW()-1 -> 39 | B40: =_xlfn.XLOOKUP($C40,舞种配比!$B$2:$B$91,舞种配比!$A$2:$A$91,"") -> 表演 | D40: =_xlfn.XLOOKUP($C40,舞种配比!$B$2:$B$91,舞种配比!$C$2:$C$91,"") -> 0 | E40: =IF(ROW()<4, "OK", IF(AND(B41=B40, B40=B39), "〿相邻3次", "OK")) -> 〿相邻3次 | F40: {=IF(COUNTIF(C$2:C40,C40)>1, ROW()-MAX(IF(C$1:C39=C40,ROW(C$1:C39)))-1, "首次")} -> 首次 | G40: =IF(ROW()>2, IF(D40=D39, "⚠️同节奏", "OK"), "OK") -> ⚠️同节奏 | H40: =IF(F40="首次","",IF(F40<5,"⚠️间隔"&F40&"首","间隔"&F40&"首✓"))
A41: =ROW()-1 -> 40 | B41: =_xlfn.XLOOKUP($C41,舞种配比!$B$2:$B$91,舞种配比!$A$2:$A$91,"") -> 表演 | D41: =_xlfn.XLOOKUP($C41,舞种配比!$B$2:$B$91,舞种配比!$C$2:$C$91,"") -> 0 | E41: =IF(ROW()<4, "OK", IF(AND(B42=B41, B41=B40), "〿相邻3次", "OK")) -> 〿相邻3次 | F41: {=IF(COUNTIF(C$2:C41,C41)>1, ROW()-MAX(IF(C$1:C40=C41,ROW(C$1:C40)))-1, "首次")} -> 首次 | G41: =IF(ROW()>2, IF(D41=D40, "⚠️同节奏", "OK"), "OK") -> ⚠️同节奏 | H41: =IF(F41="首次","",IF(F41<5,"⚠️间隔"&F41&"首","间隔"&F41&"首✓"))
A42: =ROW()-1 -> 41 | B42: =_xlfn.XLOOKUP($C42,舞种配比!$B$2:$B$91,舞种配比!$A$2:$A$91,"") -> 表演 | D42: =_xlfn.XLOOKUP($C42,舞种配比!$B$2:$B$91,舞种配比!$C$2:$C$91,"") -> 0 | E42: =IF(ROW()<4, "OK", IF(AND(B43=B42, B42=B41), "〿相邻3次", "OK")) -> 〿相邻3次 | F42: {=IF(COUNTIF(C$2:C42,C42)>1, ROW()-MAX(IF(C$1:C41=C42,ROW(C$1:C41)))-1, "首次")} -> 首次 | G42: =IF(ROW()>2, IF(D42=D41, "⚠️同节奏", "OK"), "OK") -> ⚠️同节奏 | H42: =IF(F42="首次","",IF(F42<5,"⚠️间隔"&F42&"首","间隔"&F42&"首✓"))
A43: =ROW()-1 -> 42 | B43: =_xlfn.XLOOKUP($C43,舞种配比!$B$2:$B$91,舞种配比!$A$2:$A$91,"") -> 表演 | D43: =_xlfn.XLOOKUP($C43,舞种配比!$B$2:$B$91,舞种配比!$C$2:$C$91,"") -> 0 | E43: =IF(ROW()<4, "OK", IF(AND(B44=B43, B43=B42), "〿相邻3次", "OK")) -> 〿相邻3次 | F43: {=IF(COUNTIF(C$2:C43,C43)>1, ROW()-MAX(IF(C$1:C42=C43,ROW(C$1:C42)))-1, "首次")} -> 首次 | G43: =IF(ROW()>2, IF(D43=D42, "⚠️同节奏", "OK"), "OK") -> ⚠️同节奏 | H43: =IF(F43="首次","",IF(F43<5,"⚠️间隔"&F43&"首","间隔"&F43&"首✓"))
A44: =ROW()-1 -> 43 | B44: =_xlfn.XLOOKUP($C44,舞种配比!$B$2:$B$91,舞种配比!$A$2:$A$91,"") -> 表演 | D44: =_xlfn.XLOOKUP($C44,舞种配比!$B$2:$B$91,舞种配比!$C$2:$C$91,"") -> 0 | E44: =IF(ROW()<4, "OK", IF(AND(B45=B44, B44=B43), "〿相邻3次", "OK")) -> 〿相邻3次 | F44: {=IF(COUNTIF(C$2:C44,C44)>1, ROW()-MAX(IF(C$1:C43=C44,ROW(C$1:C43)))-1, "首次")} -> 首次 | G44: =IF(ROW()>2, IF(D44=D43, "⚠️同节奏", "OK"), "OK") -> ⚠️同节奏 | H44: =IF(F44="首次","",IF(F44<5,"⚠️间隔"&F44&"首","间隔"&F44&"首✓"))
A45: =ROW()-1 -> 44 | B45: =_xlfn.XLOOKUP($C45,舞种配比!$B$2:$B$91,舞种配比!$A$2:$A$91,"") -> 表演 | D45: =_xlfn.XLOOKUP($C45,舞种配比!$B$2:$B$91,舞种配比!$C$2:$C$91,"") -> 0 | E45: =IF(ROW()<4, "OK", IF(AND(B46=B45, B45=B44), "〿相邻3次", "OK")) -> 〿相邻3次 | F45: {=IF(COUNTIF(C$2:C45,C45)>1, ROW()-MAX(IF(C$1:C44=C45,ROW(C$1:C44)))-1, "首次")} -> 首次 | G45: =IF(ROW()>2, IF(D45=D44, "⚠️同节奏", "OK"), "OK") -> ⚠️同节奏 | H45: =IF(F45="首次","",IF(F45<5,"⚠️间隔"&F45&"首","间隔"&F45&"首✓"))
A46: =ROW()-1 -> 45 | B46: =_xlfn.XLOOKUP($C46,舞种配比!$B$2:$B$91,舞种配比!$A$2:$A$91,"") -> 表演 | D46: =_xlfn.XLOOKUP($C46,舞种配比!$B$2:$B$91,舞种配比!$C$2:$C$91,"") -> 0 | E46: =IF(ROW()<4, "OK", IF(AND(B47=B46, B46=B45), "〿相邻3次", "OK")) -> 〿相邻3次 | F46: {=IF(COUNTIF(C$2:C46,C46)>1, ROW()-MAX(IF(C$1:C45=C46,ROW(C$1:C45)))-1, "首次")} -> 首次 | G46: =IF(ROW()>2, IF(D46=D45, "⚠️同节奏", "OK"), "OK") -> ⚠️同节奏 | H46: =IF(F46="首次","",IF(F46<5,"⚠️间隔"&F46&"首","间隔"&F46&"首✓"))
A47: =ROW()-1 -> 46 | B47: =_xlfn.XLOOKUP($C47,舞种配比!$B$2:$B$91,舞种配比!$A$2:$A$91,"") -> 表演 | D47: =_xlfn.XLOOKUP($C47,舞种配比!$B$2:$B$91,舞种配比!$C$2:$C$91,"") -> 0 | E47: =IF(ROW()<4, "OK", IF(AND(B48=B47, B47=B46), "〿相邻3次", "OK")) -> 〿相邻3次 | F47: {=IF(COUNTIF(C$2:C47,C47)>1, ROW()-MAX(IF(C$1:C46=C47,ROW(C$1:C46)))-1, "首次")} -> 首次 | G47: =IF(ROW()>2, IF(D47=D46, "⚠️同节奏", "OK"), "OK") -> ⚠️同节奏 | H47: =IF(F47="首次","",IF(F47<5,"⚠️间隔"&F47&"首","间隔"&F47&"首✓"))
... A52: =ROW()-1 -> 51 | B52: =_xlfn.XLOOKUP($C52,舞种配比!$B$2:$B$91,舞种配比!$A$2:$A$91,"") -> 表演 | D52: =_xlfn.XLOOKUP($C52,舞种配比!$B$2:$B$91,舞种配比!$C$2:$C$91,"") -> 0 | E52: =IF(ROW()<4, "OK", IF(AND(B53=B52, B52=B51), "〿相邻3次", "OK")) -> OK | F52: {=IF(COUNTIF(C$2:C52,C52)>1, ROW()-MAX(IF(C$1:C51=C52,ROW(C$1:C51)))-1, "首次")} -> 首次 | G52: =IF(ROW()>2, IF(D52=D51, "⚠️同节奏", "OK"), "OK") -> ⚠️同节奏 | H52: =IF(F52="首次","",IF(F52<5,"⚠️间隔"&F52&"首","间隔"&F52&"首✓"))

Sheet 完整曲序
A1: 序号 | B1: 大类 | C1: 舞种 | D1: 节奏 | E1: 歌曲名 | F1: 时长 | G1: 开始时间 | H1: 裁剪后时长 | I1: 0.8125 | J1: 重命名
A2: =ROW()-1 -> 1 | B2: =_xlfn.XLOOKUP($C2,舞种配比!$B$2:$B$91,舞种配比!$A$2:$A$91,"") | C2: {=_xlfn.LET( _xlpm.keywords, _xlfn.SORTBY(舞种配比!$B$2:$B$50, LEN(舞种配比!$B$2:$B$50), -1), _xlfn.XLOOKUP(TRUE, ISNUMBER(SEARCH(_xlpm.keywords, E2)), _xlpm.keywords, "") )} | D2: =_xlfn.XLOOKUP($C2,舞种配比!$B$2:$B$91,舞种配比!$C$2:$C$91,"") | G2: 0 | H2: 3 | I2: =$I1+TIME(0,0,15)+$F2 -> 0.81267361 | J2: ="ren """ & E2 & """ """ & TEXT(ROW(A1),"00") & "-" & LEFT(E2,FIND(".",E2)-1) & MID(E2,FIND(".",E2),LEN(E2)) & """" -> #VALUE!
A3: =ROW()-1 -> 2 | B3: =_xlfn.XLOOKUP($C3,舞种配比!$B$2:$B$91,舞种配比!$A$2:$A$91,"") | C3: {=_xlfn.LET( _xlpm.keywords, _xlfn.SORTBY(舞种配比!$B$2:$B$50, LEN(舞种配比!$B$2:$B$50), -1), _xlfn.XLOOKUP(TRUE, ISNUMBER(SEARCH(_xlpm.keywords, E3)), _xlpm.keywords, "") )} | D3: =_xlfn.XLOOKUP($C3,舞种配比!$B$2:$B$91,舞种配比!$C$2:$C$91,"") | G3: 0 | H3: 3 | I3: =$I2+TIME(0,0,15)+$F3 -> 0.81284722 | J3: ="ren """ & E3 & """ """ & TEXT(ROW(A2),"00") & "-" & LEFT(E3,FIND(".",E3)-1) & MID(E3,FIND(".",E3),LEN(E3)) & """" -> #VALUE!
A4: =ROW()-1 -> 3 | B4: =_xlfn.XLOOKUP($C4,舞种配比!$B$2:$B$91,舞种配比!$A$2:$A$91,"") | C4: {=_xlfn.LET( _xlpm.keywords, _xlfn.SORTBY(舞种配比!$B$2:$B$50, LEN(舞种配比!$B$2:$B$50), -1), _xlfn.XLOOKUP(TRUE, ISNUMBER(SEARCH(_xlpm.keywords, E4)), _xlpm.keywords, "") )} | D4: =_xlfn.XLOOKUP($C4,舞种配比!$B$2:$B$91,舞种配比!$C$2:$C$91,"") | G4: 0 | H4: 3 | I4: =$I3+TIME(0,0,15)+$F4 -> 0.81302083 | J4: ="ren """ & E4 & """ """ & TEXT(ROW(A3),"00") & "-" & LEFT(E4,FIND(".",E4)-1) & MID(E4,FIND(".",E4),LEN(E4)) & """" -> #VALUE!
A5: =ROW()-1 -> 4 | B5: =_xlfn.XLOOKUP($C5,舞种配比!$B$2:$B$91,舞种配比!$A$2:$A$91,"") | C5: {=_xlfn.LET( _xlpm.keywords, _xlfn.SORTBY(舞种配比!$B$2:$B$50, LEN(舞种配比!$B$2:$B$50), -1), _xlfn.XLOOKUP(TRUE, ISNUMBER(SEARCH(_xlpm.keywords, E5)), _xlpm.keywords, "") )} | D5: =_xlfn.XLOOKUP($C5,舞种配比!$B$2:$B$91,舞种配比!$C$2:$C$91,"") | G5: 0 | H5: 3 | I5: =$I4+TIME(0,0,15)+$F5 -> 0.81319444 | J5: ="ren """ & E5 & """ """ & TEXT(ROW(A4),"00") & "-" & LEFT(E5,FIND(".",E5)-1) & MID(E5,FIND(".",E5),LEN(E5)) & """" -> #VALUE!
A6: =ROW()-1 -> 5 | B6: =_xlfn.XLOOKUP($C6,舞种配比!$B$2:$B$91,舞种配比!$A$2:$A$91,"") | C6: {=_xlfn.LET( _xlpm.keywords, _xlfn.SORTBY(舞种配比!$B$2:$B$50, LEN(舞种配比!$B$2:$B$50), -1), _xlfn.XLOOKUP(TRUE, ISNUMBER(SEARCH(_xlpm.keywords, E6)), _xlpm.keywords, "") )} | D6: =_xlfn.XLOOKUP($C6,舞种配比!$B$2:$B$91,舞种配比!$C$2:$C$91,"") | G6: 0 | H6: 3 | I6: =$I5+TIME(0,0,15)+$F6 -> 0.81336806 | J6: ="ren """ & E6 & """ """ & TEXT(ROW(A5),"00") & "-" & LEFT(E6,FIND(".",E6)-1) & MID(E6,FIND(".",E6),LEN(E6)) & """" -> #VALUE!
A7: =ROW()-1 -> 6 | B7: =_xlfn.XLOOKUP($C7,舞种配比!$B$2:$B$91,舞种配比!$A$2:$A$91,"") | C7: {=_xlfn.LET( _xlpm.keywords, _xlfn.SORTBY(舞种配比!$B$2:$B$50, LEN(舞种配比!$B$2:$B$50), -1), _xlfn.XLOOKUP(TRUE, ISNUMBER(SEARCH(_xlpm.keywords, E7)), _xlpm.keywords, "") )} | D7: =_xlfn.XLOOKUP($C7,舞种配比!$B$2:$B$91,舞种配比!$C$2:$C$91,"") | G7: 0 | H7: 3 | I7: =$I6+TIME(0,0,15)+$F7 -> 0.81354167 | J7: ="ren """ & E7 & """ """ & TEXT(ROW(A6),"00") & "-" & LEFT(E7,FIND(".",E7)-1) & MID(E7,FIND(".",E7),LEN(E7)) & """" -> #VALUE!
A8: =ROW()-1 -> 7 | B8: =_xlfn.XLOOKUP($C8,舞种配比!$B$2:$B$91,舞种配比!$A$2:$A$91,"") | C8: {=_xlfn.LET( _xlpm.keywords, _xlfn.SORTBY(舞种配比!$B$2:$B$50, LEN(舞种配比!$B$2:$B$50), -1), _xlfn.XLOOKUP(TRUE, ISNUMBER(SEARCH(_xlpm.keywords, E8)), _xlpm.keywords, "") )} | D8: =_xlfn.XLOOKUP($C8,舞种配比!$B$2:$B$91,舞种配比!$C$2:$C$91,"") | G8: 0 | H8: 3 | I8: =$I7+TIME(0,0,15)+$F8 -> 0.81371528 | J8: ="ren """ & E8 & """ """ & TEXT(ROW(A7),"00") & "-" & LEFT(E8,FIND(".",E8)-1) & MID(E8,FIND(".",E8),LEN(E8)) & """" -> #VALUE!
A9: =ROW()-1 -> 8 | B9: =_xlfn.XLOOKUP($C9,舞种配比!$B$2:$B$91,舞种配比!$A$2:$A$91,"") | C9: {=_xlfn.LET( _xlpm.keywords, _xlfn.SORTBY(舞种配比!$B$2:$B$50, LEN(舞种配比!$B$2:$B$50), -1), _xlfn.XLOOKUP(TRUE, ISNUMBER(SEARCH(_xlpm.keywords, E9)), _xlpm.keywords, "") )} | D9: =_xlfn.XLOOKUP($C9,舞种配比!$B$2:$B$91,舞种配比!$C$2:$C$91,"") | G9: 0 | H9: 3 | I9: =$I8+TIME(0,0,15)+$F9 -> 0.81388889 | J9: ="ren """ & E9 & """ """ & TEXT(ROW(A8),"00") & "-" & LEFT(E9,FIND(".",E9)-1) & MID(E9,FIND(".",E9),LEN(E9)) & """" -> #VALUE!
A10: =ROW()-1 -> 9 | B10: =_xlfn.XLOOKUP($C10,舞种配比!$B$2:$B$91,舞种配比!$A$2:$A$91,"") | C10: {=_xlfn.LET( _xlpm.keywords, _xlfn.SORTBY(舞种配比!$B$2:$B$50, LEN(舞种配比!$B$2:$B$50), -1), _xlfn.XLOOKUP(TRUE, ISNUMBER(SEARCH(_xlpm.keywords, E10)), _xlpm.keywords, "") )} | D10: =_xlfn.XLOOKUP($C10,舞种配比!$B$2:$B$91,舞种配比!$C$2:$C$91,"") | G10: 0 | H10: 3 | I10: =$I9+TIME(0,0,15)+$F10 -> 0.8140625 | J10: ="ren """ & E10 & """ """ & TEXT(ROW(A9),"00") & "-" & LEFT(E10,FIND(".",E10)-1) & MID(E10,FIND(".",E10),LEN(E10)) & """" -> #VALUE!
A11: =ROW()-1 -> 10 | B11: =_xlfn.XLOOKUP($C11,舞种配比!$B$2:$B$91,舞种配比!$A$2:$A$91,"") | C11: {=_xlfn.LET( _xlpm.keywords, _xlfn.SORTBY(舞种配比!$B$2:$B$50, LEN(舞种配比!$B$2:$B$50), -1), _xlfn.XLOOKUP(TRUE, ISNUMBER(SEARCH(_xlpm.keywords, E11)), _xlpm.keywords, "") )} | D11: =_xlfn.XLOOKUP($C11,舞种配比!$B$2:$B$91,舞种配比!$C$2:$C$91,"") | G11: 0 | H11: 3 | I11: =$I10+TIME(0,0,15)+$F11 -> 0.81423611 | J11: ="ren """ & E11 & """ """ & TEXT(ROW(A10),"00") & "-" & LEFT(E11,FIND(".",E11)-1) & MID(E11,FIND(".",E11),LEN(E11)) & """" -> #VALUE!
A12: =ROW()-1 -> 11 | B12: =_xlfn.XLOOKUP($C12,舞种配比!$B$2:$B$91,舞种配比!$A$2:$A$91,"") | C12: {=_xlfn.LET( _xlpm.keywords, _xlfn.SORTBY(舞种配比!$B$2:$B$50, LEN(舞种配比!$B$2:$B$50), -1), _xlfn.XLOOKUP(TRUE, ISNUMBER(SEARCH(_xlpm.keywords, E12)), _xlpm.keywords, "") )} | D12: =_xlfn.XLOOKUP($C12,舞种配比!$B$2:$B$91,舞种配比!$C$2:$C$91,"") | G12: 0 | H12: 3 | I12: =$I11+TIME(0,0,15)+$F12 -> 0.81440972 | J12: ="ren """ & E12 & """ """ & TEXT(ROW(A11),"00") & "-" & LEFT(E12,FIND(".",E12)-1) & MID(E12,FIND(".",E12),LEN(E12)) & """" -> #VALUE!
A13: =ROW()-1 -> 12 | B13: =_xlfn.XLOOKUP($C13,舞种配比!$B$2:$B$91,舞种配比!$A$2:$A$91,"") | C13: {=_xlfn.LET( _xlpm.keywords, _xlfn.SORTBY(舞种配比!$B$2:$B$50, LEN(舞种配比!$B$2:$B$50), -1), _xlfn.XLOOKUP(TRUE, ISNUMBER(SEARCH(_xlpm.keywords, E13)), _xlpm.keywords, "") )} | D13: =_xlfn.XLOOKUP($C13,舞种配比!$B$2:$B$91,舞种配比!$C$2:$C$91,"") | G13: 0 | H13: 3 | I13: =$I12+TIME(0,0,15)+$F13 -> 0.81458333 | J13: ="ren """ & E13 & """ """ & TEXT(ROW(A12),"00") & "-" & LEFT(E13,FIND(".",E13)-1) & MID(E13,FIND(".",E13),LEN(E13)) & """" -> #VALUE!
... A51: =ROW()-1 -> 50 | B51: =_xlfn.XLOOKUP($C51,舞种配比!$B$2:$B$91,舞种配比!$A$2:$A$91,"") | C51: {=_xlfn.LET( _xlpm.keywords, _xlfn.SORTBY(舞种配比!$B$2:$B$50, LEN(舞种配比!$B$2:$B$50), -1), _xlfn.XLOOKUP(TRUE, ISNUMBER(SEARCH(_xlpm.keywords, E51)), _xlpm.keywords, "") )} | D51: =_xlfn.XLOOKUP($C51,舞种配比!$B$2:$B$91,舞种配比!$C$2:$C$91,"") | G51: 0 | H51: 3 | I51: =$I50+TIME(0,0,15)+$F51 -> 0.82118056 | J51: ="ren """ & E51 & """ """ & TEXT(ROW(A50),"00") & "-" & LEFT(E51,FIND(".",E51)-1) & MID(E51,FIND(".",E51),LEN(E51)) & """" -> #VALUE!
A52: =ROW()-1 -> 51 | B52: =_xlfn.XLOOKUP($C52,舞种配比!$B$2:$B$91,舞种配比!$A$2:$A$91,"") | C52: {=_xlfn.LET( _xlpm.keywords, _xlfn.SORTBY(舞种配比!$B$2:$B$50, LEN(舞种配比!$B$2:$B$50), -1), _xlfn.XLOOKUP(TRUE, ISNUMBER(SEARCH(_xlpm.keywords, E52)), _xlpm.keywords, "") )} | D52: =_xlfn.XLOOKUP($C52,舞种配比!$B$2:$B$91,舞种配比!$C$2:$C$91,"") | G52: 0 | J52: ="ren """ & E52 & """ """ & TEXT(ROW(A51),"00") & "-" & LEFT(E52,FIND(".",E52)-1) & MID(E52,FIND(".",E52),LEN(E52)) & """" -> #VALUE!
B53: =_xlfn.XLOOKUP($C53,舞种配比!$B$2:$B$91,舞种配比!$A$2:$A$91,"") | C53: 散场音乐 | D53: =_xlfn.XLOOKUP($C53,舞种配比!$B$2:$B$91,舞种配比!$C$2:$C$91,"") | F53: =SUM(F2:F52) -> 0 | G53: =COUNTA(E:E)-1 -> 0 | H53: {=_xlfn.LET( _xlpm.总分钟, SUMPRODUCT((H2:H52<>"") * H2:H52 + (H2:H52="") * (HOUR(F2:F52)*60 + MINUTE(F2:F52) + SECOND(F2:F52)/60)), _xlpm.小时, INT(_xlpm.总分钟/60), _xlpm.分钟, INT(MOD(_xlpm.总分钟,60)), IF(_xlpm.小时>0, _xlpm.小时 & "小时" & _xlpm.分钟 & "分钟", _xlpm.分钟 & "分钟") )} -> 2小时30分钟
F54: 原总时长 | G54: 舞曲数 | H54: 终总时长
